{"train": {"loss": [0.4901740665197372, 0.42108018407821657, 0.4138967274904251, 0.41351337206363675, 0.41114151537418364, 0.4082947036981583, 0.4060736886739731, 0.4006821714401245, 0.40669020946025847, 0.3970251057386398, 0.3993313266277313, 0.40357459597587586], "acc": [0.8427, 0.8905000000000001, 0.8951, 0.8963000000000001, 0.8983000000000001, 0.9006000000000001, 0.9031, 0.9084000000000001, 0.9012, 0.913, 0.9115000000000001, 0.9062]}, "val": {"loss": [0.35386953806877136, 0.342850218296051, 0.343580468416214, 0.3399520797729492, 0.3389242506027222, 0.3366232190132141, 0.33685331571102145, 0.34196899402141573, 0.33571922492980955, 0.3375805797576904, 0.3378987015485764, 0.3375077792406082], "acc": [0.965, 0.9735, 0.9695, 0.9755, 0.973, 0.9775, 0.976, 0.971, 0.9755, 0.9765, 0.974, 0.974]}}